agent,CRPS,NLL,IntervalScore,CalibrationError,ConformalCoverage,PITUniformity,IntervalCoverage,VarianceAlignment,VarErrCorrelation
CRPS,1.000000,0.305611,0.926602,0.191480,0.240744,0.056603,0.176385,0.048496,-0.069215
NLL,0.305611,1.000000,0.381634,0.277332,0.455069,0.047032,0.254715,0.005217,0.343419
IntervalScore,0.926602,0.381634,1.000000,0.178069,0.307985,0.051765,0.161137,0.071495,0.017709
CalibrationError,0.191480,0.277332,0.178069,1.000000,0.118478,0.240118,0.899443,-0.014343,0.035954
ConformalCoverage,0.240744,0.455069,0.307985,0.118478,1.000000,0.029793,0.109933,-0.012106,0.172287
PITUniformity,0.056603,0.047032,0.051765,0.240118,0.029793,1.000000,0.238518,-0.023635,0.041958
IntervalCoverage,0.176385,0.254715,0.161137,0.899443,0.109933,0.238518,1.000000,0.004062,0.068341
VarianceAlignment,0.048496,0.005217,0.071495,-0.014343,-0.012106,-0.023635,0.004062,1.000000,0.013615
VarErrCorrelation,-0.069215,0.343419,0.017709,0.035954,0.172287,0.041958,0.068341,0.013615,1.000000
